USE [moda]
GO
/****** Object:  Table [dbo].[__EFMigrationsHistory]    Script Date: 7/25/2022 4:41:08 PM ******/
SET ANSI_NULLS ON
GO
SET QUOTED_IDENTIFIER ON
GO
CREATE TABLE [dbo].[__EFMigrationsHistory](
	[MigrationId] [nvarchar](150) NOT NULL,
	[ProductVersion] [nvarchar](32) NOT NULL,
 CONSTRAINT [PK___EFMigrationsHistory] PRIMARY KEY CLUSTERED 
(
	[MigrationId] ASC
)WITH (PAD_INDEX = OFF, STATISTICS_NORECOMPUTE = OFF, IGNORE_DUP_KEY = OFF, ALLOW_ROW_LOCKS = ON, ALLOW_PAGE_LOCKS = ON, OPTIMIZE_FOR_SEQUENTIAL_KEY = OFF) ON [PRIMARY]
) ON [PRIMARY]
GO
/****** Object:  Table [dbo].[ApiResourceClaims]    Script Date: 7/25/2022 4:41:08 PM ******/
SET ANSI_NULLS ON
GO
SET QUOTED_IDENTIFIER ON
GO
CREATE TABLE [dbo].[ApiResourceClaims](
	[Id] [int] IDENTITY(1,1) NOT NULL,
	[Type] [nvarchar](200) NOT NULL,
	[ApiResourceId] [int] NOT NULL,
 CONSTRAINT [PK_ApiResourceClaims] PRIMARY KEY CLUSTERED 
(
	[Id] ASC
)WITH (PAD_INDEX = OFF, STATISTICS_NORECOMPUTE = OFF, IGNORE_DUP_KEY = OFF, ALLOW_ROW_LOCKS = ON, ALLOW_PAGE_LOCKS = ON, OPTIMIZE_FOR_SEQUENTIAL_KEY = OFF) ON [PRIMARY]
) ON [PRIMARY]
GO
/****** Object:  Table [dbo].[ApiResourceProperties]    Script Date: 7/25/2022 4:41:08 PM ******/
SET ANSI_NULLS ON
GO
SET QUOTED_IDENTIFIER ON
GO
CREATE TABLE [dbo].[ApiResourceProperties](
	[Id] [int] IDENTITY(1,1) NOT NULL,
	[Key] [nvarchar](250) NOT NULL,
	[Value] [nvarchar](2000) NOT NULL,
	[ApiResourceId] [int] NOT NULL,
 CONSTRAINT [PK_ApiResourceProperties] PRIMARY KEY CLUSTERED 
(
	[Id] ASC
)WITH (PAD_INDEX = OFF, STATISTICS_NORECOMPUTE = OFF, IGNORE_DUP_KEY = OFF, ALLOW_ROW_LOCKS = ON, ALLOW_PAGE_LOCKS = ON, OPTIMIZE_FOR_SEQUENTIAL_KEY = OFF) ON [PRIMARY]
) ON [PRIMARY]
GO
/****** Object:  Table [dbo].[ApiResources]    Script Date: 7/25/2022 4:41:08 PM ******/
SET ANSI_NULLS ON
GO
SET QUOTED_IDENTIFIER ON
GO
CREATE TABLE [dbo].[ApiResources](
	[Id] [int] IDENTITY(1,1) NOT NULL,
	[Enabled] [bit] NOT NULL,
	[Name] [nvarchar](200) NOT NULL,
	[DisplayName] [nvarchar](200) NULL,
	[Description] [nvarchar](1000) NULL,
	[AllowedAccessTokenSigningAlgorithms] [nvarchar](100) NULL,
	[ShowInDiscoveryDocument] [bit] NOT NULL,
	[Created] [datetime2](7) NOT NULL,
	[Updated] [datetime2](7) NULL,
	[LastAccessed] [datetime2](7) NULL,
	[NonEditable] [bit] NOT NULL,
 CONSTRAINT [PK_ApiResources] PRIMARY KEY CLUSTERED 
(
	[Id] ASC
)WITH (PAD_INDEX = OFF, STATISTICS_NORECOMPUTE = OFF, IGNORE_DUP_KEY = OFF, ALLOW_ROW_LOCKS = ON, ALLOW_PAGE_LOCKS = ON, OPTIMIZE_FOR_SEQUENTIAL_KEY = OFF) ON [PRIMARY]
) ON [PRIMARY]
GO
/****** Object:  Table [dbo].[ApiResourceScopes]    Script Date: 7/25/2022 4:41:08 PM ******/
SET ANSI_NULLS ON
GO
SET QUOTED_IDENTIFIER ON
GO
CREATE TABLE [dbo].[ApiResourceScopes](
	[Id] [int] IDENTITY(1,1) NOT NULL,
	[Scope] [nvarchar](200) NOT NULL,
	[ApiResourceId] [int] NOT NULL,
 CONSTRAINT [PK_ApiResourceScopes] PRIMARY KEY CLUSTERED 
(
	[Id] ASC
)WITH (PAD_INDEX = OFF, STATISTICS_NORECOMPUTE = OFF, IGNORE_DUP_KEY = OFF, ALLOW_ROW_LOCKS = ON, ALLOW_PAGE_LOCKS = ON, OPTIMIZE_FOR_SEQUENTIAL_KEY = OFF) ON [PRIMARY]
) ON [PRIMARY]
GO
/****** Object:  Table [dbo].[ApiResourceSecrets]    Script Date: 7/25/2022 4:41:08 PM ******/
SET ANSI_NULLS ON
GO
SET QUOTED_IDENTIFIER ON
GO
CREATE TABLE [dbo].[ApiResourceSecrets](
	[Id] [int] IDENTITY(1,1) NOT NULL,
	[Description] [nvarchar](1000) NULL,
	[Value] [nvarchar](4000) NOT NULL,
	[Expiration] [datetime2](7) NULL,
	[Type] [nvarchar](250) NOT NULL,
	[Created] [datetime2](7) NOT NULL,
	[ApiResourceId] [int] NOT NULL,
 CONSTRAINT [PK_ApiResourceSecrets] PRIMARY KEY CLUSTERED 
(
	[Id] ASC
)WITH (PAD_INDEX = OFF, STATISTICS_NORECOMPUTE = OFF, IGNORE_DUP_KEY = OFF, ALLOW_ROW_LOCKS = ON, ALLOW_PAGE_LOCKS = ON, OPTIMIZE_FOR_SEQUENTIAL_KEY = OFF) ON [PRIMARY]
) ON [PRIMARY]
GO
/****** Object:  Table [dbo].[ApiScopeClaims]    Script Date: 7/25/2022 4:41:08 PM ******/
SET ANSI_NULLS ON
GO
SET QUOTED_IDENTIFIER ON
GO
CREATE TABLE [dbo].[ApiScopeClaims](
	[Id] [int] IDENTITY(1,1) NOT NULL,
	[Type] [nvarchar](200) NOT NULL,
	[ScopeId] [int] NOT NULL,
 CONSTRAINT [PK_ApiScopeClaims] PRIMARY KEY CLUSTERED 
(
	[Id] ASC
)WITH (PAD_INDEX = OFF, STATISTICS_NORECOMPUTE = OFF, IGNORE_DUP_KEY = OFF, ALLOW_ROW_LOCKS = ON, ALLOW_PAGE_LOCKS = ON, OPTIMIZE_FOR_SEQUENTIAL_KEY = OFF) ON [PRIMARY]
) ON [PRIMARY]
GO
/****** Object:  Table [dbo].[ApiScopeProperties]    Script Date: 7/25/2022 4:41:08 PM ******/
SET ANSI_NULLS ON
GO
SET QUOTED_IDENTIFIER ON
GO
CREATE TABLE [dbo].[ApiScopeProperties](
	[Id] [int] IDENTITY(1,1) NOT NULL,
	[Key] [nvarchar](250) NOT NULL,
	[Value] [nvarchar](2000) NOT NULL,
	[ScopeId] [int] NOT NULL,
 CONSTRAINT [PK_ApiScopeProperties] PRIMARY KEY CLUSTERED 
(
	[Id] ASC
)WITH (PAD_INDEX = OFF, STATISTICS_NORECOMPUTE = OFF, IGNORE_DUP_KEY = OFF, ALLOW_ROW_LOCKS = ON, ALLOW_PAGE_LOCKS = ON, OPTIMIZE_FOR_SEQUENTIAL_KEY = OFF) ON [PRIMARY]
) ON [PRIMARY]
GO
/****** Object:  Table [dbo].[ApiScopes]    Script Date: 7/25/2022 4:41:08 PM ******/
SET ANSI_NULLS ON
GO
SET QUOTED_IDENTIFIER ON
GO
CREATE TABLE [dbo].[ApiScopes](
	[Id] [int] IDENTITY(1,1) NOT NULL,
	[Enabled] [bit] NOT NULL,
	[Name] [nvarchar](200) NOT NULL,
	[DisplayName] [nvarchar](200) NULL,
	[Description] [nvarchar](1000) NULL,
	[Required] [bit] NOT NULL,
	[Emphasize] [bit] NOT NULL,
	[ShowInDiscoveryDocument] [bit] NOT NULL,
 CONSTRAINT [PK_ApiScopes] PRIMARY KEY CLUSTERED 
(
	[Id] ASC
)WITH (PAD_INDEX = OFF, STATISTICS_NORECOMPUTE = OFF, IGNORE_DUP_KEY = OFF, ALLOW_ROW_LOCKS = ON, ALLOW_PAGE_LOCKS = ON, OPTIMIZE_FOR_SEQUENTIAL_KEY = OFF) ON [PRIMARY]
) ON [PRIMARY]
GO
/****** Object:  Table [dbo].[ClientClaims]    Script Date: 7/25/2022 4:41:08 PM ******/
SET ANSI_NULLS ON
GO
SET QUOTED_IDENTIFIER ON
GO
CREATE TABLE [dbo].[ClientClaims](
	[Id] [int] IDENTITY(1,1) NOT NULL,
	[Type] [nvarchar](250) NOT NULL,
	[Value] [nvarchar](250) NOT NULL,
	[ClientId] [int] NOT NULL,
 CONSTRAINT [PK_ClientClaims] PRIMARY KEY CLUSTERED 
(
	[Id] ASC
)WITH (PAD_INDEX = OFF, STATISTICS_NORECOMPUTE = OFF, IGNORE_DUP_KEY = OFF, ALLOW_ROW_LOCKS = ON, ALLOW_PAGE_LOCKS = ON, OPTIMIZE_FOR_SEQUENTIAL_KEY = OFF) ON [PRIMARY]
) ON [PRIMARY]
GO
/****** Object:  Table [dbo].[ClientCorsOrigins]    Script Date: 7/25/2022 4:41:08 PM ******/
SET ANSI_NULLS ON
GO
SET QUOTED_IDENTIFIER ON
GO
CREATE TABLE [dbo].[ClientCorsOrigins](
	[Id] [int] IDENTITY(1,1) NOT NULL,
	[Origin] [nvarchar](150) NOT NULL,
	[ClientId] [int] NOT NULL,
 CONSTRAINT [PK_ClientCorsOrigins] PRIMARY KEY CLUSTERED 
(
	[Id] ASC
)WITH (PAD_INDEX = OFF, STATISTICS_NORECOMPUTE = OFF, IGNORE_DUP_KEY = OFF, ALLOW_ROW_LOCKS = ON, ALLOW_PAGE_LOCKS = ON, OPTIMIZE_FOR_SEQUENTIAL_KEY = OFF) ON [PRIMARY]
) ON [PRIMARY]
GO
/****** Object:  Table [dbo].[ClientGrantTypes]    Script Date: 7/25/2022 4:41:08 PM ******/
SET ANSI_NULLS ON
GO
SET QUOTED_IDENTIFIER ON
GO
CREATE TABLE [dbo].[ClientGrantTypes](
	[Id] [int] IDENTITY(1,1) NOT NULL,
	[GrantType] [nvarchar](250) NOT NULL,
	[ClientId] [int] NOT NULL,
 CONSTRAINT [PK_ClientGrantTypes] PRIMARY KEY CLUSTERED 
(
	[Id] ASC
)WITH (PAD_INDEX = OFF, STATISTICS_NORECOMPUTE = OFF, IGNORE_DUP_KEY = OFF, ALLOW_ROW_LOCKS = ON, ALLOW_PAGE_LOCKS = ON, OPTIMIZE_FOR_SEQUENTIAL_KEY = OFF) ON [PRIMARY]
) ON [PRIMARY]
GO
/****** Object:  Table [dbo].[ClientIdPRestrictions]    Script Date: 7/25/2022 4:41:08 PM ******/
SET ANSI_NULLS ON
GO
SET QUOTED_IDENTIFIER ON
GO
CREATE TABLE [dbo].[ClientIdPRestrictions](
	[Id] [int] IDENTITY(1,1) NOT NULL,
	[Provider] [nvarchar](200) NOT NULL,
	[ClientId] [int] NOT NULL,
 CONSTRAINT [PK_ClientIdPRestrictions] PRIMARY KEY CLUSTERED 
(
	[Id] ASC
)WITH (PAD_INDEX = OFF, STATISTICS_NORECOMPUTE = OFF, IGNORE_DUP_KEY = OFF, ALLOW_ROW_LOCKS = ON, ALLOW_PAGE_LOCKS = ON, OPTIMIZE_FOR_SEQUENTIAL_KEY = OFF) ON [PRIMARY]
) ON [PRIMARY]
GO
/****** Object:  Table [dbo].[ClientPostLogoutRedirectUris]    Script Date: 7/25/2022 4:41:08 PM ******/
SET ANSI_NULLS ON
GO
SET QUOTED_IDENTIFIER ON
GO
CREATE TABLE [dbo].[ClientPostLogoutRedirectUris](
	[Id] [int] IDENTITY(1,1) NOT NULL,
	[PostLogoutRedirectUri] [nvarchar](2000) NOT NULL,
	[ClientId] [int] NOT NULL,
 CONSTRAINT [PK_ClientPostLogoutRedirectUris] PRIMARY KEY CLUSTERED 
(
	[Id] ASC
)WITH (PAD_INDEX = OFF, STATISTICS_NORECOMPUTE = OFF, IGNORE_DUP_KEY = OFF, ALLOW_ROW_LOCKS = ON, ALLOW_PAGE_LOCKS = ON, OPTIMIZE_FOR_SEQUENTIAL_KEY = OFF) ON [PRIMARY]
) ON [PRIMARY]
GO
/****** Object:  Table [dbo].[ClientProperties]    Script Date: 7/25/2022 4:41:08 PM ******/
SET ANSI_NULLS ON
GO
SET QUOTED_IDENTIFIER ON
GO
CREATE TABLE [dbo].[ClientProperties](
	[Id] [int] IDENTITY(1,1) NOT NULL,
	[Key] [nvarchar](250) NOT NULL,
	[Value] [nvarchar](2000) NOT NULL,
	[ClientId] [int] NOT NULL,
 CONSTRAINT [PK_ClientProperties] PRIMARY KEY CLUSTERED 
(
	[Id] ASC
)WITH (PAD_INDEX = OFF, STATISTICS_NORECOMPUTE = OFF, IGNORE_DUP_KEY = OFF, ALLOW_ROW_LOCKS = ON, ALLOW_PAGE_LOCKS = ON, OPTIMIZE_FOR_SEQUENTIAL_KEY = OFF) ON [PRIMARY]
) ON [PRIMARY]
GO
/****** Object:  Table [dbo].[ClientRedirectUris]    Script Date: 7/25/2022 4:41:08 PM ******/
SET ANSI_NULLS ON
GO
SET QUOTED_IDENTIFIER ON
GO
CREATE TABLE [dbo].[ClientRedirectUris](
	[Id] [int] IDENTITY(1,1) NOT NULL,
	[RedirectUri] [nvarchar](2000) NOT NULL,
	[ClientId] [int] NOT NULL,
 CONSTRAINT [PK_ClientRedirectUris] PRIMARY KEY CLUSTERED 
(
	[Id] ASC
)WITH (PAD_INDEX = OFF, STATISTICS_NORECOMPUTE = OFF, IGNORE_DUP_KEY = OFF, ALLOW_ROW_LOCKS = ON, ALLOW_PAGE_LOCKS = ON, OPTIMIZE_FOR_SEQUENTIAL_KEY = OFF) ON [PRIMARY]
) ON [PRIMARY]
GO
/****** Object:  Table [dbo].[Clients]    Script Date: 7/25/2022 4:41:08 PM ******/
SET ANSI_NULLS ON
GO
SET QUOTED_IDENTIFIER ON
GO
CREATE TABLE [dbo].[Clients](
	[Id] [int] IDENTITY(1,1) NOT NULL,
	[Enabled] [bit] NOT NULL,
	[ClientId] [nvarchar](200) NOT NULL,
	[ProtocolType] [nvarchar](200) NOT NULL,
	[RequireClientSecret] [bit] NOT NULL,
	[ClientName] [nvarchar](200) NULL,
	[Description] [nvarchar](1000) NULL,
	[ClientUri] [nvarchar](2000) NULL,
	[LogoUri] [nvarchar](2000) NULL,
	[RequireConsent] [bit] NOT NULL,
	[AllowRememberConsent] [bit] NOT NULL,
	[AlwaysIncludeUserClaimsInIdToken] [bit] NOT NULL,
	[RequirePkce] [bit] NOT NULL,
	[AllowPlainTextPkce] [bit] NOT NULL,
	[RequireRequestObject] [bit] NOT NULL,
	[AllowAccessTokensViaBrowser] [bit] NOT NULL,
	[FrontChannelLogoutUri] [nvarchar](2000) NULL,
	[FrontChannelLogoutSessionRequired] [bit] NOT NULL,
	[BackChannelLogoutUri] [nvarchar](2000) NULL,
	[BackChannelLogoutSessionRequired] [bit] NOT NULL,
	[AllowOfflineAccess] [bit] NOT NULL,
	[IdentityTokenLifetime] [int] NOT NULL,
	[AllowedIdentityTokenSigningAlgorithms] [nvarchar](100) NULL,
	[AccessTokenLifetime] [int] NOT NULL,
	[AuthorizationCodeLifetime] [int] NOT NULL,
	[ConsentLifetime] [int] NULL,
	[AbsoluteRefreshTokenLifetime] [int] NOT NULL,
	[SlidingRefreshTokenLifetime] [int] NOT NULL,
	[RefreshTokenUsage] [int] NOT NULL,
	[UpdateAccessTokenClaimsOnRefresh] [bit] NOT NULL,
	[RefreshTokenExpiration] [int] NOT NULL,
	[AccessTokenType] [int] NOT NULL,
	[EnableLocalLogin] [bit] NOT NULL,
	[IncludeJwtId] [bit] NOT NULL,
	[AlwaysSendClientClaims] [bit] NOT NULL,
	[ClientClaimsPrefix] [nvarchar](200) NULL,
	[PairWiseSubjectSalt] [nvarchar](200) NULL,
	[Created] [datetime2](7) NOT NULL,
	[Updated] [datetime2](7) NULL,
	[LastAccessed] [datetime2](7) NULL,
	[UserSsoLifetime] [int] NULL,
	[UserCodeType] [nvarchar](100) NULL,
	[DeviceCodeLifetime] [int] NOT NULL,
	[NonEditable] [bit] NOT NULL,
 CONSTRAINT [PK_Clients] PRIMARY KEY CLUSTERED 
(
	[Id] ASC
)WITH (PAD_INDEX = OFF, STATISTICS_NORECOMPUTE = OFF, IGNORE_DUP_KEY = OFF, ALLOW_ROW_LOCKS = ON, ALLOW_PAGE_LOCKS = ON, OPTIMIZE_FOR_SEQUENTIAL_KEY = OFF) ON [PRIMARY]
) ON [PRIMARY]
GO
/****** Object:  Table [dbo].[ClientScopes]    Script Date: 7/25/2022 4:41:08 PM ******/
SET ANSI_NULLS ON
GO
SET QUOTED_IDENTIFIER ON
GO
CREATE TABLE [dbo].[ClientScopes](
	[Id] [int] IDENTITY(1,1) NOT NULL,
	[Scope] [nvarchar](200) NOT NULL,
	[ClientId] [int] NOT NULL,
 CONSTRAINT [PK_ClientScopes] PRIMARY KEY CLUSTERED 
(
	[Id] ASC
)WITH (PAD_INDEX = OFF, STATISTICS_NORECOMPUTE = OFF, IGNORE_DUP_KEY = OFF, ALLOW_ROW_LOCKS = ON, ALLOW_PAGE_LOCKS = ON, OPTIMIZE_FOR_SEQUENTIAL_KEY = OFF) ON [PRIMARY]
) ON [PRIMARY]
GO
/****** Object:  Table [dbo].[ClientSecrets]    Script Date: 7/25/2022 4:41:08 PM ******/
SET ANSI_NULLS ON
GO
SET QUOTED_IDENTIFIER ON
GO
CREATE TABLE [dbo].[ClientSecrets](
	[Id] [int] IDENTITY(1,1) NOT NULL,
	[Description] [nvarchar](2000) NULL,
	[Value] [nvarchar](4000) NOT NULL,
	[Expiration] [datetime2](7) NULL,
	[Type] [nvarchar](250) NOT NULL,
	[Created] [datetime2](7) NOT NULL,
	[ClientId] [int] NOT NULL,
 CONSTRAINT [PK_ClientSecrets] PRIMARY KEY CLUSTERED 
(
	[Id] ASC
)WITH (PAD_INDEX = OFF, STATISTICS_NORECOMPUTE = OFF, IGNORE_DUP_KEY = OFF, ALLOW_ROW_LOCKS = ON, ALLOW_PAGE_LOCKS = ON, OPTIMIZE_FOR_SEQUENTIAL_KEY = OFF) ON [PRIMARY]
) ON [PRIMARY]
GO
/****** Object:  Table [dbo].[DeviceCodes]    Script Date: 7/25/2022 4:41:08 PM ******/
SET ANSI_NULLS ON
GO
SET QUOTED_IDENTIFIER ON
GO
CREATE TABLE [dbo].[DeviceCodes](
	[UserCode] [nvarchar](200) NOT NULL,
	[DeviceCode] [nvarchar](200) NOT NULL,
	[SubjectId] [nvarchar](200) NULL,
	[SessionId] [nvarchar](100) NULL,
	[ClientId] [nvarchar](200) NOT NULL,
	[Description] [nvarchar](200) NULL,
	[CreationTime] [datetime2](7) NOT NULL,
	[Expiration] [datetime2](7) NOT NULL,
	[Data] [nvarchar](max) NOT NULL,
 CONSTRAINT [PK_DeviceCodes] PRIMARY KEY CLUSTERED 
(
	[UserCode] ASC
)WITH (PAD_INDEX = OFF, STATISTICS_NORECOMPUTE = OFF, IGNORE_DUP_KEY = OFF, ALLOW_ROW_LOCKS = ON, ALLOW_PAGE_LOCKS = ON, OPTIMIZE_FOR_SEQUENTIAL_KEY = OFF) ON [PRIMARY]
) ON [PRIMARY] TEXTIMAGE_ON [PRIMARY]
GO
/****** Object:  Table [dbo].[IdentityResourceClaims]    Script Date: 7/25/2022 4:41:08 PM ******/
SET ANSI_NULLS ON
GO
SET QUOTED_IDENTIFIER ON
GO
CREATE TABLE [dbo].[IdentityResourceClaims](
	[Id] [int] IDENTITY(1,1) NOT NULL,
	[Type] [nvarchar](200) NOT NULL,
	[IdentityResourceId] [int] NOT NULL,
 CONSTRAINT [PK_IdentityResourceClaims] PRIMARY KEY CLUSTERED 
(
	[Id] ASC
)WITH (PAD_INDEX = OFF, STATISTICS_NORECOMPUTE = OFF, IGNORE_DUP_KEY = OFF, ALLOW_ROW_LOCKS = ON, ALLOW_PAGE_LOCKS = ON, OPTIMIZE_FOR_SEQUENTIAL_KEY = OFF) ON [PRIMARY]
) ON [PRIMARY]
GO
/****** Object:  Table [dbo].[IdentityResourceProperties]    Script Date: 7/25/2022 4:41:08 PM ******/
SET ANSI_NULLS ON
GO
SET QUOTED_IDENTIFIER ON
GO
CREATE TABLE [dbo].[IdentityResourceProperties](
	[Id] [int] IDENTITY(1,1) NOT NULL,
	[Key] [nvarchar](250) NOT NULL,
	[Value] [nvarchar](2000) NOT NULL,
	[IdentityResourceId] [int] NOT NULL,
 CONSTRAINT [PK_IdentityResourceProperties] PRIMARY KEY CLUSTERED 
(
	[Id] ASC
)WITH (PAD_INDEX = OFF, STATISTICS_NORECOMPUTE = OFF, IGNORE_DUP_KEY = OFF, ALLOW_ROW_LOCKS = ON, ALLOW_PAGE_LOCKS = ON, OPTIMIZE_FOR_SEQUENTIAL_KEY = OFF) ON [PRIMARY]
) ON [PRIMARY]
GO
/****** Object:  Table [dbo].[IdentityResources]    Script Date: 7/25/2022 4:41:08 PM ******/
SET ANSI_NULLS ON
GO
SET QUOTED_IDENTIFIER ON
GO
CREATE TABLE [dbo].[IdentityResources](
	[Id] [int] IDENTITY(1,1) NOT NULL,
	[Enabled] [bit] NOT NULL,
	[Name] [nvarchar](200) NOT NULL,
	[DisplayName] [nvarchar](200) NULL,
	[Description] [nvarchar](1000) NULL,
	[Required] [bit] NOT NULL,
	[Emphasize] [bit] NOT NULL,
	[ShowInDiscoveryDocument] [bit] NOT NULL,
	[Created] [datetime2](7) NOT NULL,
	[Updated] [datetime2](7) NULL,
	[NonEditable] [bit] NOT NULL,
 CONSTRAINT [PK_IdentityResources] PRIMARY KEY CLUSTERED 
(
	[Id] ASC
)WITH (PAD_INDEX = OFF, STATISTICS_NORECOMPUTE = OFF, IGNORE_DUP_KEY = OFF, ALLOW_ROW_LOCKS = ON, ALLOW_PAGE_LOCKS = ON, OPTIMIZE_FOR_SEQUENTIAL_KEY = OFF) ON [PRIMARY]
) ON [PRIMARY]
GO
/****** Object:  Table [dbo].[PersistedGrants]    Script Date: 7/25/2022 4:41:08 PM ******/
SET ANSI_NULLS ON
GO
SET QUOTED_IDENTIFIER ON
GO
CREATE TABLE [dbo].[PersistedGrants](
	[Key] [nvarchar](200) NOT NULL,
	[Type] [nvarchar](50) NOT NULL,
	[SubjectId] [nvarchar](200) NULL,
	[SessionId] [nvarchar](100) NULL,
	[ClientId] [nvarchar](200) NOT NULL,
	[Description] [nvarchar](200) NULL,
	[CreationTime] [datetime2](7) NOT NULL,
	[Expiration] [datetime2](7) NULL,
	[ConsumedTime] [datetime2](7) NULL,
	[Data] [nvarchar](max) NOT NULL,
 CONSTRAINT [PK_PersistedGrants] PRIMARY KEY CLUSTERED 
(
	[Key] ASC
)WITH (PAD_INDEX = OFF, STATISTICS_NORECOMPUTE = OFF, IGNORE_DUP_KEY = OFF, ALLOW_ROW_LOCKS = ON, ALLOW_PAGE_LOCKS = ON, OPTIMIZE_FOR_SEQUENTIAL_KEY = OFF) ON [PRIMARY]
) ON [PRIMARY] TEXTIMAGE_ON [PRIMARY]
GO
/****** Object:  Table [dbo].[Tokens]    Script Date: 7/25/2022 4:41:08 PM ******/
SET ANSI_NULLS ON
GO
SET QUOTED_IDENTIFIER ON
GO
CREATE TABLE [dbo].[Tokens](
	[Id] [uniqueidentifier] NOT NULL,
	[SubjectId] [nvarchar](max) NULL,
	[OTP] [nvarchar](max) NULL,
	[CreatedOn] [datetime2](7) NOT NULL,
	[ExpireOn] [datetime2](7) NOT NULL,
	[UserName] [nvarchar](max) NULL,
 CONSTRAINT [PK_Tokens] PRIMARY KEY CLUSTERED 
(
	[Id] ASC
)WITH (PAD_INDEX = OFF, STATISTICS_NORECOMPUTE = OFF, IGNORE_DUP_KEY = OFF, ALLOW_ROW_LOCKS = ON, ALLOW_PAGE_LOCKS = ON, OPTIMIZE_FOR_SEQUENTIAL_KEY = OFF) ON [PRIMARY]
) ON [PRIMARY] TEXTIMAGE_ON [PRIMARY]
GO
INSERT [dbo].[__EFMigrationsHistory] ([MigrationId], [ProductVersion]) VALUES (N'20220723211459_InitialDbMigration', N'3.1.9')
GO
INSERT [dbo].[__EFMigrationsHistory] ([MigrationId], [ProductVersion]) VALUES (N'20220723224138_InitialDbMigration', N'3.1.9')
GO
INSERT [dbo].[__EFMigrationsHistory] ([MigrationId], [ProductVersion]) VALUES (N'20220723224201_InitialDbMigration', N'3.1.9')
GO
SET IDENTITY_INSERT [dbo].[ApiScopes] ON 
GO
INSERT [dbo].[ApiScopes] ([Id], [Enabled], [Name], [DisplayName], [Description], [Required], [Emphasize], [ShowInDiscoveryDocument]) VALUES (1, 1, N'api1', N'My API', NULL, 0, 0, 1)
GO
SET IDENTITY_INSERT [dbo].[ApiScopes] OFF
GO
SET IDENTITY_INSERT [dbo].[ClientGrantTypes] ON 
GO
INSERT [dbo].[ClientGrantTypes] ([Id], [GrantType], [ClientId]) VALUES (1, N'client_credentials', 1)
GO
INSERT [dbo].[ClientGrantTypes] ([Id], [GrantType], [ClientId]) VALUES (2, N'authorization_code', 2)
GO
INSERT [dbo].[ClientGrantTypes] ([Id], [GrantType], [ClientId]) VALUES (3, N'authorization_code', 3)
GO
SET IDENTITY_INSERT [dbo].[ClientGrantTypes] OFF
GO
SET IDENTITY_INSERT [dbo].[ClientPostLogoutRedirectUris] ON 
GO
INSERT [dbo].[ClientPostLogoutRedirectUris] ([Id], [PostLogoutRedirectUri], [ClientId]) VALUES (1, N'https://localhost:44305/signout-callback-oidc', 2)
GO
INSERT [dbo].[ClientPostLogoutRedirectUris] ([Id], [PostLogoutRedirectUri], [ClientId]) VALUES (2, N'https://localhost:4201/signout-callback-oidc', 3)
GO
SET IDENTITY_INSERT [dbo].[ClientPostLogoutRedirectUris] OFF
GO
SET IDENTITY_INSERT [dbo].[ClientRedirectUris] ON 
GO
INSERT [dbo].[ClientRedirectUris] ([Id], [RedirectUri], [ClientId]) VALUES (1, N'https://localhost:44305/signin-oidc', 2)
GO
INSERT [dbo].[ClientRedirectUris] ([Id], [RedirectUri], [ClientId]) VALUES (2, N'https://localhost:4201/callback', 3)
GO
SET IDENTITY_INSERT [dbo].[ClientRedirectUris] OFF
GO
SET IDENTITY_INSERT [dbo].[Clients] ON 
GO
INSERT [dbo].[Clients] ([Id], [Enabled], [ClientId], [ProtocolType], [RequireClientSecret], [ClientName], [Description], [ClientUri], [LogoUri], [RequireConsent], [AllowRememberConsent], [AlwaysIncludeUserClaimsInIdToken], [RequirePkce], [AllowPlainTextPkce], [RequireRequestObject], [AllowAccessTokensViaBrowser], [FrontChannelLogoutUri], [FrontChannelLogoutSessionRequired], [BackChannelLogoutUri], [BackChannelLogoutSessionRequired], [AllowOfflineAccess], [IdentityTokenLifetime], [AllowedIdentityTokenSigningAlgorithms], [AccessTokenLifetime], [AuthorizationCodeLifetime], [ConsentLifetime], [AbsoluteRefreshTokenLifetime], [SlidingRefreshTokenLifetime], [RefreshTokenUsage], [UpdateAccessTokenClaimsOnRefresh], [RefreshTokenExpiration], [AccessTokenType], [EnableLocalLogin], [IncludeJwtId], [AlwaysSendClientClaims], [ClientClaimsPrefix], [PairWiseSubjectSalt], [Created], [Updated], [LastAccessed], [UserSsoLifetime], [UserCodeType], [DeviceCodeLifetime], [NonEditable]) VALUES (1, 1, N'client', N'oidc', 1, NULL, NULL, NULL, NULL, 0, 1, 0, 1, 0, 0, 0, NULL, 1, NULL, 1, 0, 300, NULL, 3600, 300, NULL, 2592000, 1296000, 1, 0, 1, 0, 1, 1, 0, N'client_', NULL, CAST(N'2022-07-25T13:40:15.9700241' AS DateTime2), NULL, NULL, NULL, NULL, 300, 0)
GO
INSERT [dbo].[Clients] ([Id], [Enabled], [ClientId], [ProtocolType], [RequireClientSecret], [ClientName], [Description], [ClientUri], [LogoUri], [RequireConsent], [AllowRememberConsent], [AlwaysIncludeUserClaimsInIdToken], [RequirePkce], [AllowPlainTextPkce], [RequireRequestObject], [AllowAccessTokensViaBrowser], [FrontChannelLogoutUri], [FrontChannelLogoutSessionRequired], [BackChannelLogoutUri], [BackChannelLogoutSessionRequired], [AllowOfflineAccess], [IdentityTokenLifetime], [AllowedIdentityTokenSigningAlgorithms], [AccessTokenLifetime], [AuthorizationCodeLifetime], [ConsentLifetime], [AbsoluteRefreshTokenLifetime], [SlidingRefreshTokenLifetime], [RefreshTokenUsage], [UpdateAccessTokenClaimsOnRefresh], [RefreshTokenExpiration], [AccessTokenType], [EnableLocalLogin], [IncludeJwtId], [AlwaysSendClientClaims], [ClientClaimsPrefix], [PairWiseSubjectSalt], [Created], [Updated], [LastAccessed], [UserSsoLifetime], [UserCodeType], [DeviceCodeLifetime], [NonEditable]) VALUES (2, 1, N'mvc', N'oidc', 1, NULL, NULL, NULL, NULL, 0, 1, 0, 1, 0, 0, 0, NULL, 1, NULL, 1, 0, 300, NULL, 3600, 300, NULL, 2592000, 1296000, 1, 0, 1, 0, 1, 1, 0, N'client_', NULL, CAST(N'2022-07-25T13:40:16.1101423' AS DateTime2), NULL, NULL, NULL, NULL, 300, 0)
GO
INSERT [dbo].[Clients] ([Id], [Enabled], [ClientId], [ProtocolType], [RequireClientSecret], [ClientName], [Description], [ClientUri], [LogoUri], [RequireConsent], [AllowRememberConsent], [AlwaysIncludeUserClaimsInIdToken], [RequirePkce], [AllowPlainTextPkce], [RequireRequestObject], [AllowAccessTokensViaBrowser], [FrontChannelLogoutUri], [FrontChannelLogoutSessionRequired], [BackChannelLogoutUri], [BackChannelLogoutSessionRequired], [AllowOfflineAccess], [IdentityTokenLifetime], [AllowedIdentityTokenSigningAlgorithms], [AccessTokenLifetime], [AuthorizationCodeLifetime], [ConsentLifetime], [AbsoluteRefreshTokenLifetime], [SlidingRefreshTokenLifetime], [RefreshTokenUsage], [UpdateAccessTokenClaimsOnRefresh], [RefreshTokenExpiration], [AccessTokenType], [EnableLocalLogin], [IncludeJwtId], [AlwaysSendClientClaims], [ClientClaimsPrefix], [PairWiseSubjectSalt], [Created], [Updated], [LastAccessed], [UserSsoLifetime], [UserCodeType], [DeviceCodeLifetime], [NonEditable]) VALUES (3, 1, N'angular', N'oidc', 0, N'angular', NULL, NULL, NULL, 0, 1, 0, 1, 0, 0, 0, NULL, 1, NULL, 1, 0, 300, NULL, 3600, 300, NULL, 2592000, 1296000, 1, 0, 1, 0, 1, 1, 0, N'client_', NULL, CAST(N'2022-07-25T13:40:16.1261552' AS DateTime2), NULL, NULL, NULL, NULL, 300, 0)
GO
SET IDENTITY_INSERT [dbo].[Clients] OFF
GO
SET IDENTITY_INSERT [dbo].[ClientScopes] ON 
GO
INSERT [dbo].[ClientScopes] ([Id], [Scope], [ClientId]) VALUES (1, N'api1', 1)
GO
INSERT [dbo].[ClientScopes] ([Id], [Scope], [ClientId]) VALUES (2, N'openid', 2)
GO
INSERT [dbo].[ClientScopes] ([Id], [Scope], [ClientId]) VALUES (3, N'profile', 2)
GO
INSERT [dbo].[ClientScopes] ([Id], [Scope], [ClientId]) VALUES (4, N'openid', 3)
GO
INSERT [dbo].[ClientScopes] ([Id], [Scope], [ClientId]) VALUES (5, N'profile', 3)
GO
INSERT [dbo].[ClientScopes] ([Id], [Scope], [ClientId]) VALUES (6, N'phone', 3)
GO
INSERT [dbo].[ClientScopes] ([Id], [Scope], [ClientId]) VALUES (7, N'email', 3)
GO
SET IDENTITY_INSERT [dbo].[ClientScopes] OFF
GO
SET IDENTITY_INSERT [dbo].[ClientSecrets] ON 
GO
INSERT [dbo].[ClientSecrets] ([Id], [Description], [Value], [Expiration], [Type], [Created], [ClientId]) VALUES (1, NULL, N'K7gNU3sdo+OL0wNhqoVWhr3g6s1xYv72ol/pe/Unols=', NULL, N'SharedSecret', CAST(N'2022-07-25T13:40:15.9704186' AS DateTime2), 1)
GO
INSERT [dbo].[ClientSecrets] ([Id], [Description], [Value], [Expiration], [Type], [Created], [ClientId]) VALUES (2, NULL, N'K7gNU3sdo+OL0wNhqoVWhr3g6s1xYv72ol/pe/Unols=', NULL, N'SharedSecret', CAST(N'2022-07-25T13:40:16.1101467' AS DateTime2), 2)
GO
SET IDENTITY_INSERT [dbo].[ClientSecrets] OFF
GO
SET IDENTITY_INSERT [dbo].[IdentityResourceClaims] ON 
GO
INSERT [dbo].[IdentityResourceClaims] ([Id], [Type], [IdentityResourceId]) VALUES (1, N'phone_number', 1)
GO
INSERT [dbo].[IdentityResourceClaims] ([Id], [Type], [IdentityResourceId]) VALUES (2, N'sub', 3)
GO
INSERT [dbo].[IdentityResourceClaims] ([Id], [Type], [IdentityResourceId]) VALUES (3, N'name', 2)
GO
INSERT [dbo].[IdentityResourceClaims] ([Id], [Type], [IdentityResourceId]) VALUES (4, N'family_name', 2)
GO
INSERT [dbo].[IdentityResourceClaims] ([Id], [Type], [IdentityResourceId]) VALUES (5, N'given_name', 2)
GO
INSERT [dbo].[IdentityResourceClaims] ([Id], [Type], [IdentityResourceId]) VALUES (6, N'middle_name', 2)
GO
INSERT [dbo].[IdentityResourceClaims] ([Id], [Type], [IdentityResourceId]) VALUES (7, N'nickname', 2)
GO
INSERT [dbo].[IdentityResourceClaims] ([Id], [Type], [IdentityResourceId]) VALUES (8, N'preferred_username', 2)
GO
INSERT [dbo].[IdentityResourceClaims] ([Id], [Type], [IdentityResourceId]) VALUES (9, N'email', 4)
GO
INSERT [dbo].[IdentityResourceClaims] ([Id], [Type], [IdentityResourceId]) VALUES (10, N'profile', 2)
GO
INSERT [dbo].[IdentityResourceClaims] ([Id], [Type], [IdentityResourceId]) VALUES (11, N'website', 2)
GO
INSERT [dbo].[IdentityResourceClaims] ([Id], [Type], [IdentityResourceId]) VALUES (12, N'gender', 2)
GO
INSERT [dbo].[IdentityResourceClaims] ([Id], [Type], [IdentityResourceId]) VALUES (13, N'birthdate', 2)
GO
INSERT [dbo].[IdentityResourceClaims] ([Id], [Type], [IdentityResourceId]) VALUES (14, N'zoneinfo', 2)
GO
INSERT [dbo].[IdentityResourceClaims] ([Id], [Type], [IdentityResourceId]) VALUES (15, N'locale', 2)
GO
INSERT [dbo].[IdentityResourceClaims] ([Id], [Type], [IdentityResourceId]) VALUES (16, N'updated_at', 2)
GO
INSERT [dbo].[IdentityResourceClaims] ([Id], [Type], [IdentityResourceId]) VALUES (17, N'phone_number_verified', 1)
GO
INSERT [dbo].[IdentityResourceClaims] ([Id], [Type], [IdentityResourceId]) VALUES (18, N'picture', 2)
GO
INSERT [dbo].[IdentityResourceClaims] ([Id], [Type], [IdentityResourceId]) VALUES (19, N'email_verified', 4)
GO
SET IDENTITY_INSERT [dbo].[IdentityResourceClaims] OFF
GO
SET IDENTITY_INSERT [dbo].[IdentityResources] ON 
GO
INSERT [dbo].[IdentityResources] ([Id], [Enabled], [Name], [DisplayName], [Description], [Required], [Emphasize], [ShowInDiscoveryDocument], [Created], [Updated], [NonEditable]) VALUES (1, 1, N'phone', N'Your phone number', NULL, 0, 1, 1, CAST(N'2022-07-25T13:40:16.3877924' AS DateTime2), NULL, 0)
GO
INSERT [dbo].[IdentityResources] ([Id], [Enabled], [Name], [DisplayName], [Description], [Required], [Emphasize], [ShowInDiscoveryDocument], [Created], [Updated], [NonEditable]) VALUES (2, 1, N'profile', N'User profile', N'Your user profile information (first name, last name, etc.)', 0, 1, 1, CAST(N'2022-07-25T13:40:16.3819595' AS DateTime2), NULL, 0)
GO
INSERT [dbo].[IdentityResources] ([Id], [Enabled], [Name], [DisplayName], [Description], [Required], [Emphasize], [ShowInDiscoveryDocument], [Created], [Updated], [NonEditable]) VALUES (3, 1, N'openid', N'Your user identifier', NULL, 1, 0, 1, CAST(N'2022-07-25T13:40:16.3644849' AS DateTime2), NULL, 0)
GO
INSERT [dbo].[IdentityResources] ([Id], [Enabled], [Name], [DisplayName], [Description], [Required], [Emphasize], [ShowInDiscoveryDocument], [Created], [Updated], [NonEditable]) VALUES (4, 1, N'email', N'Your email address', NULL, 0, 1, 1, CAST(N'2022-07-25T13:40:16.3932894' AS DateTime2), NULL, 0)
GO
SET IDENTITY_INSERT [dbo].[IdentityResources] OFF
GO
ALTER TABLE [dbo].[ApiResourceClaims]  WITH CHECK ADD  CONSTRAINT [FK_ApiResourceClaims_ApiResources_ApiResourceId] FOREIGN KEY([ApiResourceId])
REFERENCES [dbo].[ApiResources] ([Id])
ON DELETE CASCADE
GO
ALTER TABLE [dbo].[ApiResourceClaims] CHECK CONSTRAINT [FK_ApiResourceClaims_ApiResources_ApiResourceId]
GO
ALTER TABLE [dbo].[ApiResourceProperties]  WITH CHECK ADD  CONSTRAINT [FK_ApiResourceProperties_ApiResources_ApiResourceId] FOREIGN KEY([ApiResourceId])
REFERENCES [dbo].[ApiResources] ([Id])
ON DELETE CASCADE
GO
ALTER TABLE [dbo].[ApiResourceProperties] CHECK CONSTRAINT [FK_ApiResourceProperties_ApiResources_ApiResourceId]
GO
ALTER TABLE [dbo].[ApiResourceScopes]  WITH CHECK ADD  CONSTRAINT [FK_ApiResourceScopes_ApiResources_ApiResourceId] FOREIGN KEY([ApiResourceId])
REFERENCES [dbo].[ApiResources] ([Id])
ON DELETE CASCADE
GO
ALTER TABLE [dbo].[ApiResourceScopes] CHECK CONSTRAINT [FK_ApiResourceScopes_ApiResources_ApiResourceId]
GO
ALTER TABLE [dbo].[ApiResourceSecrets]  WITH CHECK ADD  CONSTRAINT [FK_ApiResourceSecrets_ApiResources_ApiResourceId] FOREIGN KEY([ApiResourceId])
REFERENCES [dbo].[ApiResources] ([Id])
ON DELETE CASCADE
GO
ALTER TABLE [dbo].[ApiResourceSecrets] CHECK CONSTRAINT [FK_ApiResourceSecrets_ApiResources_ApiResourceId]
GO
ALTER TABLE [dbo].[ApiScopeClaims]  WITH CHECK ADD  CONSTRAINT [FK_ApiScopeClaims_ApiScopes_ScopeId] FOREIGN KEY([ScopeId])
REFERENCES [dbo].[ApiScopes] ([Id])
ON DELETE CASCADE
GO
ALTER TABLE [dbo].[ApiScopeClaims] CHECK CONSTRAINT [FK_ApiScopeClaims_ApiScopes_ScopeId]
GO
ALTER TABLE [dbo].[ApiScopeProperties]  WITH CHECK ADD  CONSTRAINT [FK_ApiScopeProperties_ApiScopes_ScopeId] FOREIGN KEY([ScopeId])
REFERENCES [dbo].[ApiScopes] ([Id])
ON DELETE CASCADE
GO
ALTER TABLE [dbo].[ApiScopeProperties] CHECK CONSTRAINT [FK_ApiScopeProperties_ApiScopes_ScopeId]
GO
ALTER TABLE [dbo].[ClientClaims]  WITH CHECK ADD  CONSTRAINT [FK_ClientClaims_Clients_ClientId] FOREIGN KEY([ClientId])
REFERENCES [dbo].[Clients] ([Id])
ON DELETE CASCADE
GO
ALTER TABLE [dbo].[ClientClaims] CHECK CONSTRAINT [FK_ClientClaims_Clients_ClientId]
GO
ALTER TABLE [dbo].[ClientCorsOrigins]  WITH CHECK ADD  CONSTRAINT [FK_ClientCorsOrigins_Clients_ClientId] FOREIGN KEY([ClientId])
REFERENCES [dbo].[Clients] ([Id])
ON DELETE CASCADE
GO
ALTER TABLE [dbo].[ClientCorsOrigins] CHECK CONSTRAINT [FK_ClientCorsOrigins_Clients_ClientId]
GO
ALTER TABLE [dbo].[ClientGrantTypes]  WITH CHECK ADD  CONSTRAINT [FK_ClientGrantTypes_Clients_ClientId] FOREIGN KEY([ClientId])
REFERENCES [dbo].[Clients] ([Id])
ON DELETE CASCADE
GO
ALTER TABLE [dbo].[ClientGrantTypes] CHECK CONSTRAINT [FK_ClientGrantTypes_Clients_ClientId]
GO
ALTER TABLE [dbo].[ClientIdPRestrictions]  WITH CHECK ADD  CONSTRAINT [FK_ClientIdPRestrictions_Clients_ClientId] FOREIGN KEY([ClientId])
REFERENCES [dbo].[Clients] ([Id])
ON DELETE CASCADE
GO
ALTER TABLE [dbo].[ClientIdPRestrictions] CHECK CONSTRAINT [FK_ClientIdPRestrictions_Clients_ClientId]
GO
ALTER TABLE [dbo].[ClientPostLogoutRedirectUris]  WITH CHECK ADD  CONSTRAINT [FK_ClientPostLogoutRedirectUris_Clients_ClientId] FOREIGN KEY([ClientId])
REFERENCES [dbo].[Clients] ([Id])
ON DELETE CASCADE
GO
ALTER TABLE [dbo].[ClientPostLogoutRedirectUris] CHECK CONSTRAINT [FK_ClientPostLogoutRedirectUris_Clients_ClientId]
GO
ALTER TABLE [dbo].[ClientProperties]  WITH CHECK ADD  CONSTRAINT [FK_ClientProperties_Clients_ClientId] FOREIGN KEY([ClientId])
REFERENCES [dbo].[Clients] ([Id])
ON DELETE CASCADE
GO
ALTER TABLE [dbo].[ClientProperties] CHECK CONSTRAINT [FK_ClientProperties_Clients_ClientId]
GO
ALTER TABLE [dbo].[ClientRedirectUris]  WITH CHECK ADD  CONSTRAINT [FK_ClientRedirectUris_Clients_ClientId] FOREIGN KEY([ClientId])
REFERENCES [dbo].[Clients] ([Id])
ON DELETE CASCADE
GO
ALTER TABLE [dbo].[ClientRedirectUris] CHECK CONSTRAINT [FK_ClientRedirectUris_Clients_ClientId]
GO
ALTER TABLE [dbo].[ClientScopes]  WITH CHECK ADD  CONSTRAINT [FK_ClientScopes_Clients_ClientId] FOREIGN KEY([ClientId])
REFERENCES [dbo].[Clients] ([Id])
ON DELETE CASCADE
GO
ALTER TABLE [dbo].[ClientScopes] CHECK CONSTRAINT [FK_ClientScopes_Clients_ClientId]
GO
ALTER TABLE [dbo].[ClientSecrets]  WITH CHECK ADD  CONSTRAINT [FK_ClientSecrets_Clients_ClientId] FOREIGN KEY([ClientId])
REFERENCES [dbo].[Clients] ([Id])
ON DELETE CASCADE
GO
ALTER TABLE [dbo].[ClientSecrets] CHECK CONSTRAINT [FK_ClientSecrets_Clients_ClientId]
GO
ALTER TABLE [dbo].[IdentityResourceClaims]  WITH CHECK ADD  CONSTRAINT [FK_IdentityResourceClaims_IdentityResources_IdentityResourceId] FOREIGN KEY([IdentityResourceId])
REFERENCES [dbo].[IdentityResources] ([Id])
ON DELETE CASCADE
GO
ALTER TABLE [dbo].[IdentityResourceClaims] CHECK CONSTRAINT [FK_IdentityResourceClaims_IdentityResources_IdentityResourceId]
GO
ALTER TABLE [dbo].[IdentityResourceProperties]  WITH CHECK ADD  CONSTRAINT [FK_IdentityResourceProperties_IdentityResources_IdentityResourceId] FOREIGN KEY([IdentityResourceId])
REFERENCES [dbo].[IdentityResources] ([Id])
ON DELETE CASCADE
GO
ALTER TABLE [dbo].[IdentityResourceProperties] CHECK CONSTRAINT [FK_IdentityResourceProperties_IdentityResources_IdentityResourceId]
GO
